{
  "era_setting": [
    "Greek coastal terrace",
    "stoa interior",
    "Roman forum",
    "library of Alexandria",
    "marble workshop",
    "temple steps",
    "roofless observatory"
  ],
  "subject_action": [
    "philosophers debating",
    "scribe teaching pupils",
    "artisan forging",
    "oracle consulting",
    "sailors navigating",
    "council planning",
    "priesthood ritual"
  ],
  "tech_motif": [
    "mosaic HUD",
    "bronze automaton hand",
    "obsidian tablet",
    "holographic astrolabe",
    "amphora speaker",
    "marble viewport",
    "basalt touch wall"
  ],
  "integration_method": [
    "carved into frieze",
    "inset in broken wall",
    "set in bronze bezel",
    "painted as fresco restoration",
    "embedded in sculpture",
    "mounted on stone plinth"
  ],
  "lighting_time": [
    "golden hour side light",
    "dappled colonnade light",
    "overcast diffuse",
    "torchlit nocturne",
    "moonlit marble"
  ],
  "camera": [
    "three-quarter group, medium wide",
    "low-angle heroic",
    "intimate waist-up",
    "architectural long shot"
  ],
  "medium_finish": [
    "academic oil on canvas with craquelure",
    "weathered fresco",
    "marble sculpture with chips and patina"
  ],
  "palette_accents": [
    "azure",
    "terracotta",
    "ivory",
    "gold leaf",
    "verdigris"
  ],
  "negatives_default": "neon, cyberpunk, plastic, modern logos, contemporary streetwear, cars, skyscrapers, graffiti text, watermark, deformed hands, extra fingers, distorted face, lowres, oversaturated",
  "aspect_ratio": [
    "3:4",
    "4:5",
    "16:9",
    "1:1"
  ]
}